,loanid,Employee ID
0,7553357,O11
1,7587644,M11
2,7728829,G11
3,7962517,D11
4,8135897,L11
5,8169309,R11
6,8303979,R11
7,2623817,M11
8,4628492,P11
9,5702239,S11
10,5959724,L11
11,6103924,M11
12,6119788,R11
13,6145161,F11
14,6206964,L11
15,6255397,R11
16,6331079,K11
17,6628412,F11
18,7945290,C11
19,7962668,R11
20,7986928,C11
21,8267003,F11
22,8267969,F11
23,8323477,L11
24,8330777,B11
25,8489938,N11
26,8508694,R11
27,8545656,K11
28,8688460,R11
29,8734649,N11
30,8767909,R11
31,8809958,G11
32,8871978,N11
33,8933385,K11
34,8963653,M11
35,8966868,L11
36,9003405,B11
37,9080251,F11
38,9400451,L11
39,9561888,M11
40,9570203,M11
41,9642698,K11
42,9782334,M11
43,9908857,N11
44,10578942,O11
45,10611497,G11
46,10949183,G11
47,11050891,F11
48,11843730,C11
49,1156619,B11
50,8081596,L11
51,8407351,R11
52,11884196,R11
53,6355026,L11
54,15736362,K11
55,9380411,N11
56,4925655,R11
57,13283467,N11
58,3920639,R11
59,17340939,G11
60,17496895,K11
61,9568036,N11
62,10140425,S11
63,9580734,L11
64,8919428,N11
65,9951075,R11
66,11163863,R11
67,13169353,R11
68,15268077,L11
69,15454044,O11
70,16924243,F11
71,8479265,B11
72,9190826,C11
73,10926150,N11
74,10963626,L11
75,13274769,N11
76,15985461,G11
77,16067301,K11
78,16453478,M11
79,1283065,K11
80,12905404,C11
81,16344202,C11
82,13481223,G11
83,14961818,K11
84,2132906,S11
85,243532,F11
86,439945,M11
87,8240495,R11
88,8370219,O11
89,8375449,B11
90,9016771,M11
91,8536594,M11
92,12380878,C11
93,12645229,N11
94,8103702,M11
95,13812178,N11
96,10037162,G11
97,10651413,N11
98,1364760,M11
99,8229506,G11
100,14872899,C11
101,5989266,C11
102,5529683,B11
103,2135281,N11
104,5446985,N11
105,5562474,M11
106,7124719,N11
107,1582467,N11
108,652934,S11
109,1447897,D11
110,7755722,P11
111,1833476,G11
112,4903284,G11
113,17567452,K11
114,17600850,G11
115,496743,L11
116,3332909,M11
117,9076614,N11
118,17615276,N11
119,17619731,L11
120,8335771,K11
121,17533258,N11
122,5033656,N11
123,8845211,N11
124,17201822,F11
125,11722285,D11
126,9092823,F11
127,1791963,M11
128,3940741,K11
129,4229593,F11
130,6014606,N11
131,9741782,R11
132,13621715,F11
133,14749693,M11
134,2845654,F11
135,581325,R11
136,10904852,F11
137,14188553,G11
138,7930820,M11
139,11272499,L11
140,12525451,N11
141,1873766,N11
142,2901298,C11
143,4164410,K11
144,7700921,K11
145,11537148,D11
146,13514835,F11
147,17458136,N11
148,17509818,M11
149,887264,K11
150,2420329,R11
151,6832347,G11
152,15673713,F11
153,17634738,K11
154,17656205,L11
155,6546303,M11
156,12287520,N11
157,14316315,K11
158,494896,R11
159,8978042,G11
160,10016799,N11
161,10178206,N11
162,11490354,M11
163,12049092,R11
164,12443027,C11
165,12463517,L11
166,13768457,M11
167,13310998,M11
168,16275708,R11
169,4144557,L11
170,17479455,N11
171,6043034,M11
172,8441536,N11
173,9485485,G11
174,4104209,L11
175,7159831,N11
176,9943669,L11
177,11046463,C11
178,12359709,K11
179,648264,K11
180,9252534,L11
181,2309780,C11
182,8756216,F11
183,6542251,C11
184,13126426,F11
185,17506465,N11
186,4972257,N11
187,8067726,G11
188,10933607,C11
189,8401034,P11
190,4879472,G11
191,833157,C11
192,13531521,M11
193,14668759,C11
194,16284756,L11
195,74903,M11
196,134109,M11
197,233081,R11
198,281262,M11
199,292216,F11
200,340312,M11
201,404890,F11
202,428411,N11
203,458536,R11
204,627413,D11
205,685308,L11
206,728776,R11
207,752624,L11
208,755377,S11
209,788712,R11
210,836473,L11
211,995053,N11
212,1113607,L11
213,1133381,L11
214,1151733,F11
215,1183037,G11
216,1201602,B11
217,1223574,N11
218,1315653,M11
219,1399656,C11
220,1516253,K11
221,1516641,N11
222,1527089,R11
223,1659163,C11
224,1691972,M11
225,1802766,G11
226,1822271,K11
227,1998675,L11
228,2067742,F11
229,2105476,G11
230,2150787,L11
231,2329684,O11
232,2336289,C11
233,2353873,D11
234,2381694,D11
235,2387439,R11
236,2404510,K11
237,2468816,R11
238,2543909,F11
239,2560412,K11
240,2593075,M11
241,2614010,F11
242,2675317,M11
243,2737026,M11
244,2771559,M11
245,2855756,L11
246,2872837,R11
247,2882134,F11
248,2977292,C11
249,2996813,L11
250,3051859,M11
251,3187598,S11
252,3215207,F11
253,3369584,C11
254,3417007,M11
255,3446527,K11
256,3482901,N11
257,3519398,M11
258,3524060,K11
259,3551273,L11
260,3564658,K11
261,3597204,C11
262,3678076,K11
263,3710840,K11
264,3937955,G11
265,4110948,M11
266,4139386,O11
267,4184474,R11
268,4259345,C11
269,4371988,K11
270,4425087,N11
271,4547637,N11
272,4571541,R11
273,4578339,C11
274,4605712,C11
275,4609906,O11
276,4623304,G11
277,4682142,R11
278,4721244,M11
279,4741177,L11
280,4849533,F11
281,4854479,C11
282,4889552,G11
283,4911682,K11
284,4919310,N11
285,4927601,G11
286,4929318,K11
287,4970686,M11
288,4985359,C11
289,5001163,G11
290,5054917,R11
291,5108462,F11
292,5119564,R11
293,5126234,M11
294,5193874,S11
295,5252548,R11
296,5343216,M11
297,5344417,F11
298,5347206,S11
299,5443045,F11
300,5458819,M11
301,5579494,L11
302,5589289,F11
303,5654314,L11
304,5700231,K11
305,5752213,M11
306,5791243,G11
307,5888771,L11
308,5978726,C11
309,5989465,N11
310,6046294,C11
311,6054837,F11
312,6144124,C11
313,6172596,L11
314,6205948,C11
315,6222803,K11
316,6231287,G11
317,6306849,N11
318,6315309,G11
319,6326846,R11
320,6343425,R11
321,6350861,F11
322,6395275,D11
323,6396396,C11
324,6405407,M11
325,6460240,M11
326,6525405,M11
327,6571175,R11
328,6587830,G11
329,6633567,K11
330,6638181,R11
331,6721701,L11
332,6831931,M11
333,6943760,R11
334,6972312,M11
335,7055944,M11
336,7651954,C11
337,7774410,C11
338,5238828,N11
339,8250618,M11
340,8839997,N11
341,8943442,F11
342,8959804,F11
343,8988366,C11
344,9310737,O11
345,9537563,C11
346,10438270,S11
347,10892716,F11
348,11011047,P11
349,11327578,B11
350,11167685,M11
351,3267451,L11
352,14072034,C11
353,10133863,C11
354,1614937,G11
355,5676834,F11
356,16454060,M11
357,9582841,M11
358,512857,G11
359,2365361,N11
360,17459361,L11
361,10498158,K11
362,13321376,C11
363,292999,R11
364,1836952,K11
365,7286186,M11
366,11513865,N11
367,16569397,R11
368,17378138,S11
369,11323193,R11
370,10416714,B11
371,7980607,M11
372,9448528,L11
373,12551588,R11
374,8064816,N11
375,8109837,D11
376,6749666,C11
377,2512612,L11
378,4351069,N11
379,13723938,C11
380,2995740,G11
381,8970547,M11
382,14349245,C11
383,12670385,K11
384,4288982,G11
385,250156,G11
386,7087650,G11
387,2590410,K11
388,5625961,M11
389,12683984,R11
390,10482943,G11
391,15842835,M11
392,17636185,G11
393,454850,N11
394,4216612,R11
395,10837574,C11
396,12911947,D11
397,11218351,R11
398,10188638,K11
399,2774223,M11
400,10854722,N11
401,7101940,K11
402,12428524,K11
403,17604150,L11
404,17618787,M11
405,12224387,F11
406,12333301,F11
407,12609962,L11
408,12780393,G11
409,13718390,R11
410,5895538,N11
411,12960953,C11
412,13026075,C11
413,13626521,F11
414,15717579,L11
415,17620278,N11
416,4964795,F11
417,7480754,F11
418,14722533,C11
419,5611689,R11
420,6859487,R11
421,11376592,M11
422,15067120,L11
423,3405522,G11
424,12838639,M11
425,2319642,P11
426,4472402,C11
427,167824,P11
428,187281,K11
429,525743,C11
430,694467,R11
431,913946,C11
432,935560,R11
433,1091322,R11
434,1219035,N11
435,1295746,L11
436,1397977,K11
437,1498552,M11
438,1575976,G11
439,1628928,F11
440,1699930,K11
441,1703262,L11
442,1778896,C11
443,1859872,C11
444,2005199,F11
445,2026707,D11
446,2193259,L11
447,2294646,L11
448,2457005,C11
449,2572276,D11
450,2575678,N11
451,2578414,R11
452,2640588,D11
453,2750962,F11
454,3025136,G11
455,3052083,G11
456,3180708,F11
457,3198547,S11
458,3222031,C11
459,3229477,O11
460,3286358,C11
461,3345860,F11
462,3592035,K11
463,3801764,M11
464,3813133,N11
465,3940796,R11
466,3969235,N11
467,4003649,K11
468,4055495,N11
469,4108772,M11
470,4360538,C11
471,4565968,K11
472,4590030,F11
473,4855010,L11
474,4910503,C11
475,5002261,F11
476,5492646,G11
477,5517736,P11
478,5822455,M11
479,5886747,K11
480,5960901,K11
481,6009022,L11
482,6021784,G11
483,6099982,F11
484,6120861,K11
485,6324735,L11
486,6377166,N11
487,6461336,M11
488,6467767,F11
489,6472560,R11
490,6504693,O11
491,6564849,G11
492,6600044,M11
493,6656647,S11
494,6699548,L11
495,6712171,B11
496,6923611,R11
497,7007475,F11
498,7671471,T11
499,7840443,F11
500,8134655,M11
501,8283835,L11
502,8291412,R11
503,8629842,N11
504,8713387,C11
505,8927040,K11
506,850250,R11
507,2191804,M11
508,4044673,C11
509,4955536,C11
510,5732203,M11
511,6701671,G11
512,7279018,L11
513,8071946,N11
514,8734794,L11
515,8967803,R11
516,9092556,K11
517,9114841,F11
518,9133476,F11
519,9201121,R11
520,9324782,M11
521,9385704,R11
522,9446886,K11
523,9450992,F11
524,9496629,M11
525,9514969,L11
526,9629722,O11
527,9632596,R11
528,9939874,G11
529,10452038,K11
530,10599835,K11
531,10643541,C11
532,11042855,R11
533,10089655,F11
534,7049826,G11
535,15985030,N11
536,5586760,N11
537,13762749,R11
538,12540137,K11
539,15848113,L11
540,10589896,C11
541,16475290,A11
542,1119917,L11
543,15160207,M11
544,14074131,L11
545,12792678,M11
546,16997163,C11
547,16091957,K11
548,16303599,R11
549,13511554,C11
550,16377539,L11
551,3942896,K11
552,15636772,G11
553,16068029,N11
554,16951348,C11
555,6970869,G11
556,16272160,C11
557,11199986,N11
558,5420584,G11
559,7565893,R11
560,10528504,A11
561,9414368,L11
562,6676629,G11
563,7264715,A11
564,13385436,G11
565,7265967,F11
566,9626780,G11
567,10747173,M11
568,14012757,N11
569,10374078,L11
570,1192353,K11
571,11744436,C11
572,5168203,F11
573,17642196,M11
574,1142913,T11
575,5440140,Q11
576,5215908,N11
577,8241244,G11
578,6904036,M11
579,17580435,L11
580,17658657,M11
581,3688157,M11
582,17016298,G11
583,4718091,A11
584,17050996,N11
585,8118046,K11
586,14862611,M11
587,4536495,L11
588,12064794,N11
589,13662166,G11
590,12412987,L11
591,16342017,C11
592,17638785,K11
593,1898984,C11
594,2163829,K11
595,2977602,N11
596,5666639,R11
597,9557975,N11
598,10514760,C11
599,12344104,M11
600,379441,F11
601,3048543,F11
602,5827130,C11
603,6315518,L11
604,6824908,C11
605,8626198,N11
606,12297677,C11
607,16128162,K11
608,17443072,C11
609,17557696,M11
610,10801869,F11
611,12299220,M11
612,12820161,R11
613,9378739,R11
614,10426199,M11
615,5469826,N11
616,13352137,K11
617,14570496,G11
618,4226128,C11
619,5277244,R11
620,11711612,R11
621,378850,L11
622,6485496,G11
623,6187609,K11
624,3714112,Q11
625,8580766,N11
626,4020174,R11
627,10808371,N11
628,13428455,K11
629,819830,N11
630,12930867,L11
631,318538,G11
632,339985,F11
633,575258,R11
634,624320,K11
635,648549,R11
636,751634,O11
637,769969,N11
638,772294,N11
639,830596,M11
640,878890,D11
641,1044100,F11
642,1195959,N11
643,1204718,L11
644,1408308,G11
645,1835592,N11
646,1864807,R11
647,1956436,F11
648,2001178,F11
649,2138510,M11
650,2255028,F11
651,2294249,N11
652,2319914,R11
653,2348982,F11
654,2629022,N11
655,2655783,N11
656,2841872,A11
657,3157244,K11
658,3181512,K11
659,3230162,N11
660,3368192,G11
661,3391080,K11
662,3435011,N11
663,3792671,M11
664,3868164,G11
665,3996155,N11
666,4398625,C11
667,4575815,K11
668,4841767,K11
669,4857556,K11
670,5006649,N11
671,5064381,G11
672,5065551,R11
673,5163743,C11
674,5251038,Q11
675,5342747,M11
676,5359381,L11
677,5491399,L11
678,5529383,F11
679,5594306,N11
680,5752739,M11
681,5928886,N11
682,6176753,N11
683,6438875,O11
684,6518692,R11
685,6634491,D11
686,6676658,L11
687,6747356,T11
688,6804696,N11
689,6848094,G11
690,6849687,G11
691,6913394,G11
692,6942821,F11
693,6987019,N11
694,7016647,M11
695,7022737,F11
696,7056900,G11
697,7059652,K11
698,8020758,P11
699,8189756,H11
700,8458154,T11
701,8933435,O11
702,9078154,Q11
703,9263987,Q11
704,551567,E11
705,756293,V11
706,1731269,I11
707,2505811,V11
708,4932338,J11
709,5783169,J11
710,6376864,V11
711,6540856,A11
712,7057579,O11
713,7712529,A11
714,7866945,U11
715,7905487,D11
716,8032701,P11
717,8112448,B11
718,8188911,J11
719,8351391,S11
720,8459897,S11
721,8545119,J11
722,8864317,H11
723,8885270,E11
724,8970433,Q11
725,9001141,A11
726,9024985,J11
727,9037838,I11
728,9039955,I11
729,9104936,D11
730,9440905,D11
731,9463521,O11
732,9487053,P11
733,9657763,U11
734,9680232,I11
735,9732638,V11
736,10016247,E11
737,10023471,H11
738,10134750,B11
739,10355618,J11
740,10569939,A11
741,10777382,J11
742,11172432,A11
743,8155871,D11
744,4166915,V11
745,4727627,A11
746,12270700,E11
747,3210607,O11
748,10814886,V11
749,1188723,A11
750,16442396,I11
751,16259940,T11
752,16394735,Q11
753,16414874,D11
754,16417460,D11
755,16352149,Q11
756,7984621,Q11
757,14865321,U11
758,16243622,U11
759,17443241,Q11
760,15448741,I11
761,5467707,S11
762,9275533,T11
763,15106275,I11
764,15687305,E11
765,10489848,T11
766,13398625,P11
767,8514113,Q11
768,13057594,O11
769,13194288,B11
770,15711189,T11
771,2059078,P11
772,4951548,Q11
773,10179873,I11
774,16844426,P11
775,2530701,P11
776,4062871,V11
777,7114140,T11
778,7850004,O11
779,10555230,Q11
780,10849644,I11
781,11174241,V11
782,14022782,Q11
783,15474387,B11
784,16240391,E11
785,16433801,O11
786,11289723,I11
787,15171675,P11
788,11317719,I11
789,6585481,A11
790,7750162,E11
791,13355421,E11
792,4870546,B11
793,8788370,D11
794,11455746,V11
795,4422446,V11
796,9340281,E11
797,9995816,T11
798,10982027,P11
799,11063678,B11
800,13681202,J11
801,1515181,Q11
802,4271930,D11
803,9516557,A11
804,7260969,Q11
805,9786272,A11
806,7252221,I11
807,12770082,I11
808,4347044,D11
809,12359736,D11
810,10553391,D11
811,12233702,Q11
812,6373944,Q11
813,471789,B11
814,3152732,U11
815,7289873,V11
816,4350384,B11
817,6449684,H11
818,3049179,U11
819,15257517,J11
820,2576755,E11
821,55604,O11
822,7404010,B11
823,17649032,H11
824,1758623,H11
825,17177414,B11
826,17637052,E11
827,2277758,I11
828,13017677,J11
829,17562587,O11
830,9600120,U11
831,17543186,Q11
832,7118019,J11
833,5296391,H11
834,4178947,V11
835,8158786,E11
836,6932680,S11
837,13392291,I11
838,6819765,A11
839,3348368,H11
840,10012020,A11
841,11471727,I11
842,516919,S11
843,2096975,H11
844,3170456,S11
845,3389843,O11
846,4995735,S11
847,5212678,B11
848,5257022,E11
849,5448643,A11
850,6062439,T11
851,9032193,I11
852,9742083,Q11
853,9917550,P11
854,12120202,T11
855,12958158,V11
856,959748,A11
857,4520666,Q11
858,6709043,H11
859,7368449,H11
860,8857718,T11
861,8863802,H11
862,11640701,T11
863,12449731,T11
864,13017515,P11
865,13748466,T11
866,14626799,P11
867,15226447,O11
868,17644324,P11
869,9072553,P11
870,9794293,U11
871,13355575,D11
872,1640301,E11
873,16281329,U11
874,14626515,P11
875,6804629,U11
876,7919327,E11
877,9893700,U11
878,141792,T11
879,9901101,O11
880,10063064,J11
881,10101605,E11
882,10358683,B11
883,13364730,J11
884,12743096,T11
885,5507953,T11
886,16088636,O11
887,3028872,E11
888,10420601,P11
889,8003451,D11
890,12239574,V11
891,4858385,T11
892,7418517,E11
893,10124045,Q11
894,3862821,A11
895,8146928,D11
896,13040087,U11
897,9603366,T11
898,13244087,E11
899,14521298,S11
900,181640,A11
901,190761,T11
902,277542,J11
903,318996,O11
904,378391,B11
905,495208,I11
906,502426,B11
907,562026,U11
908,722503,U11
909,865267,J11
910,971252,D11
911,1053190,E11
912,1134410,U11
913,1155245,Q11
914,1219771,H11
915,1266477,B11
916,1267317,D11
917,1285570,V11
918,1406645,O11
919,1422847,Q11
920,1430584,U11
921,1470176,S11
922,1558913,S11
923,1584261,A11
924,1934910,T11
925,1999758,U11
926,2005483,I11
927,2108724,B11
928,2266228,O11
929,2296781,S11
930,2311179,A11
931,2340968,O11
932,2396997,P11
933,2667581,V11
934,2693162,Q11
935,2772656,O11
936,2809797,J11
937,2993825,V11
938,3059423,Q11
939,3272822,H11
940,3286824,T11
941,3295421,H11
942,3312814,B11
943,3438602,A11
944,3465149,T11
945,3607521,B11
946,3635746,J11
947,3636968,P11
948,3684349,U11
949,3783262,S11
950,3920283,P11
951,4096777,S11
952,4162354,D11
953,4181483,E11
954,4265099,B11
955,4272066,S11
956,4291963,S11
957,4304079,I11
958,4512246,B11
959,4693594,H11
960,4719833,E11
961,4735089,J11
962,4745308,B11
963,4753395,P11
964,4784909,I11
965,4814431,V11
966,4828752,O11
967,4919513,B11
968,4957873,J11
969,4965033,J11
970,5200736,P11
971,5241935,V11
972,5241981,H11
973,5288897,H11
974,5343998,D11
975,5360754,E11
976,5366328,H11
977,5375739,J11
978,5409425,O11
979,5506653,P11
980,5584353,B11
981,5699737,Q11
982,5800619,J11
983,5871034,T11
984,5951794,V11
985,6014403,P11
986,6033825,H11
987,6060167,T11
988,6073340,A11
989,6075744,B11
990,6092944,J11
991,6115583,Q11
992,6172753,J11
993,6208274,J11
994,6217473,S11
995,6245484,Q11
996,6255215,Q11
997,6313670,V11
998,6355116,E11
999,6375633,D11
1000,6376549,V11
1001,6388265,U11
1002,6407707,V11
1003,6440591,E11
1004,6503416,I11
1005,6625261,Q11
1006,6641204,S11
1007,6722964,H11
1008,6751853,O11
1009,6775191,I11
1010,6900403,Q11
1011,6907009,D11
1012,6916589,S11
1013,7008974,S11
1014,7041000,J11
1015,8355205,V11
1016,5004493,A11
1017,6301264,B11
1018,8933754,H11
1019,9468981,Q11
1020,9690194,V11
1021,9829206,S11
1022,15908598,J11
1023,16111884,J11
1024,2400559,E11
1025,9617062,E11
1026,12918896,O11
1027,15799038,O11
1028,16412021,S11
1029,16352076,D11
1030,4816474,O11
1031,11208948,S11
1032,5266125,Q11
1033,2654772,S11
1034,12552974,D11
1035,4197570,I11
1036,4679291,O11
1037,8909301,V11
1038,17618278,V11
1039,8113237,D11
1040,16357414,I11
1041,17610074,B11
1042,13580967,V11
1043,14715460,J11
1044,8784833,T11
1045,10402801,U11
1046,15640570,U11
1047,3478165,T11
1048,16002199,U11
1049,13811422,A11
1050,4721917,Q11
1051,13075571,Q11
1052,2232746,A11
1053,2823084,S11
1054,3118959,V11
1055,3618546,E11
1056,3627173,H11
1057,3978039,U11
1058,4052500,Q11
1059,4116119,U11
1060,4258212,J11
1061,4539206,H11
1062,4773902,A11
1063,4991761,B11
1064,5211519,I11
1065,5387962,U11
1066,5506018,J11
1067,5747739,A11
1068,5761535,S11
1069,5822476,B11
1070,6028985,I11
1071,6092215,T11
1072,6187159,H11
1073,6308036,U11
1074,6439949,J11
1075,6451609,I11
1076,6600753,Q11
1077,6759593,S11
1078,6774416,T11
1079,8488728,F11
1080,3670639,C11
1081,5728969,L11
1082,6785767,F11
1083,6949234,G11
1084,8396367,C11
1085,8610471,F11
1086,9136882,F11
1087,9442492,L11
1088,9846265,C11
1089,10440356,R11
1090,10777954,G11
1091,13620516,L11
1092,923055,L11
1093,16455075,F11
1094,16455158,R11
1095,16482959,K11
1096,17529747,R11
1097,181028,R11
1098,10698038,G11
1099,9625788,R11
1100,5911571,F11
1101,12636225,C11
1102,13905856,F11
1103,16459013,F11
1104,7622596,G11
1105,9481457,F11
1106,12390306,G11
1107,10109972,C11
1108,13824745,K11
1109,582646,C11
1110,10482856,C11
1111,1229823,L11
1112,14437374,L11
1113,2875003,G11
1114,2057283,F11
1115,10150381,K11
1116,15278918,K11
1117,1091557,F11
1118,4451304,G11
1119,7525815,K11
1120,17561786,G11
1121,15445518,G11
1122,3014030,F11
1123,17536146,R11
1124,9535294,C11
1125,9261762,C11
1126,1285261,L11
1127,17334096,G11
1128,16194896,F11
1129,6798665,F11
1130,13733682,R11
1131,15396852,F11
1132,17618373,G11
1133,1016557,C11
1134,5132388,L11
1135,5675219,K11
1136,10651367,K11
1137,12916386,G11
1138,13278163,K11
1139,16094729,L11
1140,13819673,G11
1141,16321978,C11
1142,4060145,F11
1143,7079938,K11
1144,17560183,O11
1145,13192269,O11
1146,2628748,C11
1147,14325850,L11
1148,7463556,G11
1149,9910002,K11
1150,19783,G11
1151,152288,G11
1152,424168,G11
1153,448808,F11
1154,469908,L11
1155,518937,O11
1156,619296,G11
1157,775399,C11
1158,1440536,L11
1159,1453934,K11
1160,1650512,O11
1161,1730994,R11
1162,2212380,F11
1163,2285311,R11
1164,2465838,L11
1165,2566850,G11
1166,2705661,C11
1167,2860048,R11
1168,2941878,O11
1169,3963852,G11
1170,4051857,R11
1171,4091607,K11
1172,4251970,L11
1173,4415244,F11
1174,4582113,C11
1175,4637305,F11
1176,5281071,L11
1177,5284164,K11
1178,5445903,L11
1179,5512100,K11
1180,5547144,K11
1181,5572143,L11
1182,5576101,L11
1183,5595901,C11
1184,5894995,K11
1185,5970801,R11
1186,6008540,F11
1187,8585222,V11
1188,2413497,P11
1189,2475444,I11
1190,5610744,A11
1191,6406202,Q11
1192,6784611,U11
1193,6968928,H11
1194,7101904,T11
1195,7108734,J11
1196,7192346,I11
1197,7207717,T11
1198,7388688,I11
1199,7841210,V11
1200,8487281,B11
1201,8504253,U11
1202,8522688,E11
1203,8536056,I11
1204,8579716,U11
1205,9158218,P11
1206,9309215,A11
1207,9617676,V11
1208,9828705,O11
1209,9912443,I11
1210,10229329,O11
1211,10253039,U11
1212,10783283,I11
1213,6483036,V11
1214,3154744,S11
1215,973723,P11
1216,15173501,I11
1217,7019575,Q11
1218,15172262,I11
1219,2079877,V11
1220,16444491,S11
1221,11724098,H11
1222,8549434,S11
1223,9332483,H11
1224,16296020,P11
1225,16556979,V11
1226,832200,A11
1227,3137804,I11
1228,9073567,S11
1229,14598838,V11
1230,12250195,D11
1231,4730641,J11
1232,756544,E11
1233,17433863,V11
1234,16416996,I11
1235,11660814,H11
1236,323396,E11
1237,17248870,U11
1238,17515780,H11
1239,17636576,I11
1240,16059505,O11
1241,16383082,D11
1242,17518542,T11
1243,14895638,U11
1244,4473793,S11
1245,7243273,H11
1246,10262838,D11
1247,16900333,B11
1248,10901050,B11
1249,1828113,P11
1250,16269529,P11
1251,13237974,A11
1252,6105741,Q11
1253,1407215,B11
1254,2085575,O11
1255,6932327,T11
1256,10153223,D11
1257,17589339,H11
1258,3735421,T11
1259,12275273,B11
1260,12344196,H11
1261,13953310,Q11
1262,9904637,V11
1263,3967110,I11
1264,11221603,P11
1265,1426769,D11
1266,30687,D11
1267,164364,O11
1268,346778,B11
1269,618605,I11
1270,738695,P11
1271,828292,E11
1272,948736,J11
1273,1167915,T11
1274,1481451,B11
1275,1494339,J11
1276,1502578,V11
1277,1780327,V11
1278,1845364,E11
1279,2519105,T11
1280,2686402,D11
1281,2757532,P11
1282,2770370,D11
1283,2931376,A11
1284,3317886,E11
1285,3346191,O11
1286,3392650,E11
1287,4335248,O11
1288,4343426,A11
1289,5116856,T11
1290,5448364,S11
1291,5586610,U11
1292,5728753,T11
1293,5789888,V11
1294,5864632,E11
1295,5895035,E11
1296,6032888,S11
1297,6059608,P11
1298,6561444,J11
1299,6618517,P11
1300,7034826,I11
1301,8863174,T11
1302,3319941,U11
1303,3935508,D11
1304,4601306,J11
1305,4608297,U11
1306,5077232,V11
1307,5175216,E11
1308,7097057,U11
1309,7210885,H11
1310,8910715,H11
1311,9444304,J11
1312,9571460,E11
1313,9626333,U11
1314,10819084,A11
1315,16425372,T11
1316,8909629,S11
1317,16475123,H11
1318,16146165,E11
1319,9565086,E11
1320,8621712,U11
1321,14081259,S11
1322,16390010,H11
1323,16551903,I11
1324,7297551,A11
1325,8381397,A11
1326,8421289,A11
1327,8710158,Q11
1328,8804241,D11
1329,8839809,J11
1330,10759847,O11
1331,13938079,V11
1332,17363568,H11
1333,12950180,U11
1334,15870536,P11
1335,16320449,D11
1336,9126625,D11
1337,10573121,I11
1338,12776050,H11
1339,9059311,Q11
1340,12933276,B11
1341,11426086,V11
1342,10342870,B11
1343,9381852,E11
1344,1124843,S11
1345,8170083,A11
1346,8089337,V11
1347,13882909,O11
1348,9497760,T11
1349,13550654,J11
1350,17530668,I11
1351,1757308,O11
1352,11619585,T11
1353,1129445,I11
1354,3091690,U11
1355,3227502,U11
1356,4311856,U11
1357,4538207,O11
1358,16512887,V11
1359,17612387,T11
1360,16986378,H11
1361,12333367,I11
1362,12970414,U11
1363,13290394,U11
1364,15104447,H11
1365,8206974,P11
1366,16402373,I11
1367,8966005,Q11
1368,8080056,S11
1369,8175449,D11
1370,12136037,E11
1371,549551,D11
1372,1204526,H11
1373,1216902,H11
1374,1531647,I11
1375,1609210,E11
1376,1965019,A11
1377,2206665,J11
1378,2363445,I11
1379,2383505,U11
1380,2384919,O11
1381,2745130,J11
1382,2779861,H11
1383,3631328,S11
1384,3988174,I11
1385,4225234,V11
1386,4409893,V11
1387,4480164,S11
1388,4875701,A11
1389,5205142,O11
1390,5527124,D11
1391,5688732,D11
1392,5739357,S11
1393,6064948,B11
1394,6150661,V11
1395,6417007,E11
1396,6499584,E11
1397,6630946,J11
1398,6739788,Q11
1399,6757171,Q11
1400,6803324,E11
1401,6938120,S11
1402,6964147,I11
1403,6964478,U11
1404,10588160,I11
1405,717539,H11
1406,1732442,S11
1407,4838784,J11
1408,4962859,U11
1409,7237317,V11
1410,7959403,E11
1411,8045815,U11
1412,8096767,V11
1413,8310187,A11
1414,8774569,J11
1415,8996278,T11
1416,9278965,S11
1417,9345631,E11
1418,10458129,V11
1419,14812552,P11
1420,3348206,S11
1421,6501945,H11
1422,14040135,H11
1423,2088018,B11
1424,8111295,D11
1425,7913457,V11
1426,17175859,B11
1427,17635713,P11
1428,17602439,A11
1429,3181702,P11
1430,4380470,D11
1431,7743607,S11
1432,11887263,H11
1433,355208,H11
1434,1549944,U11
1435,1726364,H11
1436,2743618,A11
1437,3109873,O11
1438,3728781,U11
1439,3955176,P11
1440,4112224,U11
1441,4194709,T11
1442,4276623,E11
1443,4495379,E11
1444,5569667,P11
1445,6667422,V11
1446,1651191,P11
1447,2427915,E11
1448,5159201,A11
1449,5550418,H11
1450,5727680,D11
1451,6457421,D11
1452,7838108,P11
1453,8147113,B11
1454,8418037,J11
1455,8452144,T11
1456,8489059,E11
1457,8645576,Q11
1458,8676032,O11
1459,8831187,T11
1460,9390046,H11
1461,9436183,T11
1462,9528103,U11
1463,9865330,H11
1464,10048599,B11
1465,10238130,D11
1466,10488306,V11
1467,11125877,J11
1468,2921700,O11
1469,13960927,I11
1470,2965961,T11
1471,13264247,U11
1472,12925254,T11
1473,12720183,P11
1474,15504965,T11
1475,1001073,H11
1476,16399195,I11
1477,5698282,I11
1478,17476666,Q11
1479,6857723,I11
1480,17112818,J11
1481,10474742,J11
1482,17483030,J11
1483,6030385,J11
1484,8098439,S11
1485,16526537,A11
1486,9627098,U11
1487,8943158,T11
1488,11077217,H11
1489,13114902,J11
1490,13446441,Q11
1491,497458,B11
1492,15221038,A11
1493,8884700,T11
1494,13467407,P11
1495,14323484,J11
1496,9060392,P11
1497,9523627,H11
1498,11049397,S11
1499,8361252,U11
1500,12793534,P11
1501,10412714,A11
1502,3164096,U11
1503,9147747,A11
1504,10120249,J11
1505,11080036,A11
1506,8639872,O11
1507,9123290,U11
1508,1232319,O11
1509,5173748,B11
1510,6239209,B11
1511,10453025,S11
1512,2057893,P11
1513,17599967,B11
1514,9013793,D11
1515,14484418,I11
1516,3008653,T11
1517,17484256,J11
1518,17513666,A11
1519,3332354,S11
1520,6930240,V11
1521,805822,H11
1522,10984421,U11
1523,7040413,O11
1524,14047762,T11
1525,10455011,V11
1526,1575606,U11
1527,6249826,O11
1528,16557030,S11
1529,952810,I11
1530,5320601,Q11
1531,8495935,B11
1532,16938387,I11
1533,17613906,E11
1534,17617164,O11
1535,17618077,E11
1536,13650219,S11
1537,8633271,Q11
1538,16741800,P11
1539,980504,P11
1540,7292608,Q11
1541,12570167,O11
1542,5707368,P11
1543,12302681,H11
1544,16398363,D11
1545,210069,Q11
1546,2050736,T11
1547,6542993,S11
1548,12392551,T11
1549,13270789,A11
1550,7776254,T11
1551,661218,I11
1552,6201670,J11
1553,13631919,S11
1554,7939382,H11
1555,16397716,E11
1556,151731,J11
1557,465155,P11
1558,484271,V11
1559,542459,Q11
1560,663110,H11
1561,684478,S11
1562,693979,S11
1563,761597,V11
1564,1152515,D11
1565,1371474,U11
1566,1400055,D11
1567,1609237,D11
1568,1653316,D11
1569,1687168,U11
1570,1774303,V11
1571,1906818,B11
1572,1916974,H11
1573,2198097,D11
1574,2266880,Q11
1575,2470029,B11
1576,2558536,P11
1577,2681676,O11
1578,2730311,V11
1579,2765684,S11
1580,2927575,O11
1581,3032106,U11
1582,3042421,D11
1583,3074540,D11
1584,3086461,B11
1585,3102824,S11
1586,3300982,U11
1587,3370574,Q11
1588,3384267,D11
1589,3525285,P11
1590,3617168,P11
1591,3624877,T11
1592,3683219,A11
1593,3746287,E11
1594,3816450,T11
1595,4013407,V11
1596,4031947,P11
1597,4156211,V11
1598,4313753,S11
1599,4317075,H11
1600,4317165,U11
1601,4394469,B11
1602,4597819,D11
1603,4621568,A11
1604,4776793,B11
1605,4907667,T11
1606,5011425,O11
1607,5200910,O11
1608,5206002,U11
1609,5312854,E11
1610,5370634,A11
1611,5408894,I11
1612,5720459,O11
1613,5795621,S11
1614,5819296,E11
1615,5845712,P11
1616,6025748,U11
1617,6173207,J11
1618,6364663,P11
1619,6441307,S11
1620,6660529,Q11
1621,6757373,H11
1622,6966264,J11
1623,6993994,J11
1624,2487208,V11
1625,4051781,U11
1626,4395553,P11
1627,5215322,A11
1628,5352707,B11
1629,5847653,V11
1630,6348711,A11
1631,6519358,O11
1632,7440641,J11
1633,7863954,U11
1634,8069295,E11
1635,8593037,S11
1636,8657111,V11
1637,8675073,O11
1638,9343779,T11
1639,9519341,V11
1640,9707347,B11
1641,10146475,D11
1642,11010039,T11
1643,11092577,B11
1644,11285947,A11
1645,7234919,B11
1646,14516333,H11
1647,8804376,I11
1648,13869527,D11
1649,363812,B11
1650,15879437,S11
1651,14573162,B11
1652,10166621,Q11
1653,3125237,T11
1654,4531548,B11
1655,7805593,A11
1656,9890901,O11
1657,5846704,T11
1658,13132460,B11
1659,12225814,H11
1660,14232412,I11
1661,6486864,Q11
1662,7809904,V11
1663,10116431,Q11
1664,3927199,H11
1665,6273427,J11
1666,17657123,H11
1667,12691308,I11
1668,2323707,Q11
1669,3167212,S11
1670,5362658,J11
1671,5914416,U11
1672,6323970,U11
1673,17625515,B11
1674,17646188,U11
1675,13721275,D11
1676,10996812,U11
1677,13249378,V11
1678,204727,I11
1679,12257679,B11
1680,4771017,O11
1681,10550906,V11
1682,16240755,V11
1683,4371447,J11
1684,6085104,U11
1685,12278984,B11
1686,12937361,S11
1687,15801594,A11
1688,12759304,I11
1689,64936,I11
1690,280023,I11
1691,313504,T11
1692,482416,P11
1693,795248,H11
1694,1522324,V11
1695,1561988,A11
1696,1652846,O11
1697,1995568,S11
1698,2083552,J11
1699,2969228,J11
1700,3046949,E11
1701,3103123,Q11
1702,3391492,B11
1703,3955127,B11
1704,4084412,J11
1705,4453319,A11
1706,4842983,E11
1707,5304257,H11
1708,5440844,H11
1709,5502775,T11
1710,5544535,S11
1711,5882701,P11
1712,6127495,B11
1713,6465914,U11
1714,6718167,I11
1715,6784344,T11
1716,6840084,Q11
1717,6866981,H11
1718,3460444,Q11
1719,5258003,S11
1720,9043363,B11
1721,9215177,P11
1722,9550800,B11
1723,10360847,Q11
1724,444680,S11
1725,5298805,E11
1726,3190047,H11
1727,9283814,A11
1728,16202616,V11
1729,127805,J11
1730,11415245,E11
1731,8714855,P11
1732,14239743,U11
1733,14924031,E11
1734,16272394,I11
1735,10232580,V11
1736,4041856,B11
1737,3382854,D11
1738,17631338,H11
1739,3007113,A11
1740,7081945,V11
1741,12299028,V11
1742,13027173,J11
1743,7718414,I11
1744,7842599,S11
1745,5073330,A11
1746,871603,Q11
1747,4142179,A11
1748,4742812,Q11
1749,9325263,U11
1750,9825413,S11
1751,354600,P11
1752,691118,I11
1753,696518,O11
1754,841096,D11
1755,1108157,U11
1756,1266484,J11
1757,1303555,O11
1758,1973401,P11
1759,2341377,P11
1760,2569722,A11
1761,2683738,D11
1762,3844419,P11
1763,3916036,Q11
1764,4122823,E11
1765,4544318,A11
1766,4570228,J11
1767,4604118,H11
1768,4630744,E11
1769,5219015,J11
1770,5355073,B11
1771,5562310,T11
1772,5566821,J11
1773,5643315,P11
1774,6250706,P11
1775,6645876,Q11
1776,7339366,D11
1777,8370382,T11
1778,8835054,S11
1779,8915994,U11
1780,9147044,D11
1781,9294495,O11
1782,9436036,T11
1783,9667864,A11
1784,9780115,A11
1785,13744769,H11
1786,115499,O11
1787,9950153,I11
1788,7710558,A11
1789,400203,A11
1790,8794511,D11
1791,9714885,Q11
1792,13433389,J11
1793,16836168,Q11
1794,6123577,E11
1795,17062337,T11
1796,10185476,S11
1797,11999315,T11
1798,11147088,P11
1799,11155672,Q11
1800,12256651,U11
1801,2916614,J11
1802,4403720,E11
1803,1928106,T11
1804,1623102,V11
1805,1516104,D11
1806,1801564,O11
1807,12523950,B11
1808,17197468,T11
1809,17344487,T11
1810,17607611,Q11
1811,13948902,U11
1812,16559054,E11
1813,8377463,T11
1814,15851406,I11
1815,10795855,B11
1816,4316212,O11
1817,17598151,E11
1818,1718871,T11
1819,7599744,I11
1820,8465221,E11
1821,8347594,A11
1822,13384511,Q11
1823,11325487,I11
1824,16071958,V11
1825,7138393,S11
1826,8329072,V11
1827,8334347,U11
1828,10425362,A11
1829,18034,B11
1830,800354,S11
1831,911383,Q11
1832,1130716,E11
1833,1511770,D11
1834,2562597,T11
1835,3148456,T11
1836,3322958,H11
1837,3351025,P11
1838,3387187,U11
1839,3509187,S11
1840,3585728,S11
1841,3607177,H11
1842,4007382,D11
1843,4151365,J11
1844,4882437,A11
1845,4916218,V11
1846,5000592,J11
1847,5247955,U11
1848,5415751,I11
1849,6301369,H11
1850,6390669,O11
1851,6526821,U11
1852,6557203,J11
1853,6765354,O11
1854,6873874,V11
1855,7023372,V11
1856,8160736,O11
1857,10784770,I11
1858,16440360,I11
1859,4037947,J11
1860,13980053,D11
1861,16398086,P11
1862,7100719,E11
1863,11295442,J11
1864,13968587,H11
1865,17643038,T11
1866,10825913,S11
1867,16702425,Q11
1868,3106330,J11
1869,5922092,I11
1870,6453871,U11
1871,9075695,V11
1872,11164887,B11
1873,14489683,Q11
1874,13905223,T11
1875,2796120,Q11
1876,8534001,Q11
1877,13883973,P11
1878,1710588,U11
1879,7360369,U11
1880,2426624,J11
1881,1537759,P11
1882,13732233,A11
1883,7900960,A11
1884,617646,D11
1885,1731262,U11
1886,1786312,Q11
1887,2705735,E11
1888,3375353,P11
1889,3830015,E11
1890,3932829,E11
1891,4175769,B11
1892,4388059,E11
1893,4542815,V11
1894,5142837,D11
1895,5399417,A11
1896,6121616,O11
1897,6252759,I11
1898,9099367,H11
1899,9460052,V11
1900,9681929,O11
1901,9865918,E11
1902,10643911,D11
1903,17525386,T11
1904,16192623,S11
1905,3562749,O11
1906,11052158,Q11
1907,9091064,P11
1908,9688279,D11
1909,10279889,E11
1910,15673146,B11
1911,5873790,V11
1912,12099297,B11
1913,15488744,E11
1914,2824687,A11
1915,9248807,V11
1916,12396493,E11
1917,7790247,E11
1918,11533242,H11
1919,12394237,V11
1920,9793406,J11
1921,2862587,J11
1922,8748024,O11
1923,17407180,O11
1924,11939936,H11
1925,13196405,Q11
1926,5381380,Q11
1927,1562745,E11
1928,14292927,P11
1929,1188569,E11
1930,2095382,E11
1931,17603561,D11
1932,1294433,H11
1933,14431890,P11
1934,17637501,H11
1935,17650610,I11
1936,17658605,P11
1937,16290795,P11
1938,17603922,I11
1939,517036,S11
1940,10636204,H11
1941,10649988,B11
1942,10682469,O11
1943,13017363,H11
1944,5783808,A11
1945,4901639,J11
1946,13820704,T11
1947,440635,H11
1948,595786,B11
1949,618770,J11
1950,1289290,Q11
1951,1303708,J11
1952,1358068,I11
1953,1604520,A11
1954,1607886,A11
1955,2228077,J11
1956,2430727,Q11
1957,2518721,A11
1958,2794539,D11
1959,3040458,T11
1960,3142742,V11
1961,3469508,U11
1962,3671301,D11
1963,3686896,H11
1964,3861859,A11
1965,3921012,V11
1966,4152236,Q11
1967,4257960,H11
1968,4389394,B11
1969,4438725,A11
1970,4465854,T11
1971,4579195,I11
1972,4852272,P11
1973,4899416,E11
1974,5170631,J11
1975,5650237,Q11
1976,5804184,U11
1977,6024448,S11
1978,6068962,I11
1979,6136702,B11
1980,6338415,H11
1981,6619798,D11
1982,6638045,A11
1983,6824321,A11
1984,6824502,H11
1985,6827074,U11
1986,6840078,O11
1987,9142318,H11
1988,7422037,A11
1989,1756478,V11
1990,3068344,I11
1991,5367853,O11
1992,1872106,O11
1993,2554085,A11
1994,2769091,V11
1995,4901684,O11
1996,5984698,Q11
1997,6008025,E11
1998,6031619,T11
1999,6629799,P11
2000,9263755,L11
2001,13803281,K11
2002,16066560,L11
2003,9272625,G11
2004,13274344,K11
2005,3941769,G11
2006,3996644,F11
2007,6712541,K11
2008,13127712,T11
2009,15438865,Q11
2010,14923979,B11
2011,17622675,E11
2012,17539945,I11
2013,1100119,D11
2014,525625,T11
2015,1573440,B11
2016,2474690,P11
2017,3970463,Q11
2018,4024675,E11
2019,4171058,T11
2020,4176475,T11
2021,4816690,Q11
2022,7022388,D11
2023,13732214,A11
2024,8894385,U11
2025,12777574,V11
2026,16716739,A11
2027,5308553,J11
2028,16488767,E11
2029,13212158,U11
2030,8511277,J11
2031,104872,P11
2032,6393653,H11
2033,6401458,P11
2034,9648163,S11
2035,17636779,I11
2036,1594802,J11
2037,4398799,I11
2038,4990178,Q11
2039,6384776,P11
2040,12187715,G11
2041,10397084,R11
2042,5350907,G11
2043,2308932,V11
2044,10906802,T11
2045,3316522,I11
2046,17605173,E11
2047,13515814,S11
2048,16476882,P11
2049,4065128,I11
2050,6747198,Q11
2051,6904737,E11
